;title;year;directors;rating;genres;plotmarks;actors
0;Episode #1.5;1994.0;;;;;
1;Episode #1.4;1994.0;;;;;
2;Episode #1.3;1994.0;;;;;
3;Episode #1.2;1994.0;;;;;
4;Episode #1.1;1994.0;;;;;
5;The Unkind Hours - IMDb;;Sam_Sleiman;;Thriller;;
6;Episode #4.41;2019.0;Francisco_Quintanar;;Talk-Show;;Elena_S._Sánchez Marta_Belaustegui Andrea_Gutiérrez Barbara_Lluch Andrea_Morán
7;Episode #4.40;2019.0;Francisco_Quintanar;;Talk-Show;;Elena_S._Sánchez Elsa_Fernández_Santos Fernando_Méndez-Leite Esteve_Soler Roberto_Álvarez
8;Dame un Chance;2017.0;Ricardo_González;;Crime Drama;;Isidro_Cuevas Milvia_Cuevas Elías_Aarón_Dotel Yeidalis_Dotel Yissel_Fernández Francisco_Ferreras Geisi_González Jairo_González Ricardo_González Junior_Florián_Guerrero María_Elena_Gómez Amilkar_Herasme Samuel_Herasme Maicol_Josué Hidequel_La_Para Greimy_Mateo Frailin_Méndez Braudilia_Olivero Beatriz_Peña Kendi_Peña Wilkin_Peña Rocky_Rosario Gency_Sierra Mon_Valenzuela Gina_Vásquez
9;Braces of Destiny;2019.0;Sammy_Black Taylor_Stephens;;Comedy;;Jack_Black Sammy_Black Dan_Grauer Tommy_Black
10;What Happened to Blair Adams?;2019.0;;;Crime Horror Mystery;;
11;Episode dated 1 March 2019;2019.0;Gerardo_Sánchez;;News;;Elena_S._Sánchez Ivana_Baquero Pedro_C._Alonso Willem_Dafoe Gerardo_Olivares Jean_Reno Albert_Serra Gerardo_Sánchez
12;Master Bedroom and Walk-in Robe Reveals;2018.0;;;Game-Show Reality-TV;;Scott_Cam Shelley_Craft Hans_Baumgartner Shaynna_Blaze Courtney_Brown Kerrie_Charter Bianca_Chatfield Carla_Dziwoki Jess_Eva Norm_Hogan Darren_Palmer Dan_Reilly Keith_Schleiger Spence_Thomson Sara_Tumino Hayden_Vale Neil_Whitaker
13;Master Bedroom and Walk-in Robe Continues;2018.0;;;Game-Show Reality-TV;;Scott_Cam Hans_Baumgartner Courtney_Brown Kerrie_Charter Bianca_Chatfield Carla_Dziwoki Jess_Eva Norm_Hogan Dan_Reilly Keith_Schleiger Alice_Stolz Spence_Thomson Sara_Tumino Hayden_Vale
14;Doom Patrol Episode 2 Discussion;2019.0;;;News;;
15;Caravan Challenge;2018.0;;;Game-Show Reality-TV;;Scott_Cam Shelley_Craft Hans_Baumgartner Courtney_Brown Kerrie_Charter Bianca_Chatfield Carla_Dziwoki Jess_Eva Norm_Hogan Spence_Thomson Sara_Tumino Hayden_Vale
16;Round One review;2019.0;;;Comedy;;Jack_Black Sammy_Black
17;Episode dated 22 February 2019;2019.0;Gerardo_Sánchez;;News;;Elena_S._Sánchez Alain_Bergala Gerardo_Sánchez
18;Justicia que llega con un fatal desenlace;2018.0;;;Drama;;Antonia_Santa_María Francisco_Reyes Amparo_Noguera Claudia_Di_Girólamo Eyal_Meyer Paulina_Urrutia Alejandro_Trejo Emilia_Noguera Mayte_Rodríguez Sebastián_Layseca Iñigo_Urrutia Claudio_Castellón Josefina_Fiebelkorn Catalina_González Francisco_Gormaz María_Elena_Duvauchelle Ignacia_Baeza Jorge_Arecheta Hernán_Contreras Daniela_Estay
19;Episode #1.1;2019.0;Joe_Perota;;;;Marie_Faustin Zack_Fox Sandy_Honig Anthony_Obi
20;A House with a Pin in it's Balls;2019.0;;;Comedy;;Jack_Black Sammy_Black
21;Master Bedroom and Walk-in Robe Begins;2018.0;;;Game-Show Reality-TV;;Scott_Cam Hans_Baumgartner Courtney_Brown Kerrie_Charter Bianca_Chatfield Carla_Dziwoki Jess_Eva Norm_Hogan Dan_Reilly Keith_Schleiger Spence_Thomson Sara_Tumino Hayden_Vale
22;Master Ensuite Continues;2018.0;;;Game-Show Reality-TV;;Scott_Cam Shelley_Craft Hans_Baumgartner Courtney_Brown Kerrie_Charter Bianca_Chatfield Carla_Dziwoki Jess_Eva Norm_Hogan Dan_Reilly Keith_Schleiger Spence_Thomson Sara_Tumino Hayden_Vale
23;Unforgettable first anal sex of a young blonde;2018.0;;;Adult;;Yuriy_Sergeev Anjela_Vidal
24;Fellini Satyricon;2019.0;;;Comedy;;
25;Surface;2018.0;Nicholas_Nedelkopoulos;;Short;;
26;Rare Essence feat. DJ Kool: Turn It Up;2016.0;Joseph_Pattisall;;Short Music;A music video for the 2016 song Turn It Up by the American GoGo band Rare Essence featuring DJ Kool released from the band album of the same title.;Rare_Essence DJ_Kool Gregory_'Sugar_Bear'_Elliott Russ_Parr
27;A Matter of Respect;2017.0;;;Action Comedy Sport;;
28;1 mil;2018.0;Sammy_Black;;Comedy;;Jack_Black
29;Dream Games;2019.0;;;;;
30;Beast Saves Belle;2019.0;Jenn_Barlow Katie_Davison Laura_Elizabeth_Hall Scarlet_Sheppard;;Family;;Jenn_Barlow Laura_Elizabeth_Hall Rachel_Mathieu Tierney_Malloy Aaron_Groben Danielle_McRae_Spisso Kurt_Tocci Christine_Tucker Adam_Rodney
31;Mon Ami Walid;2019.0;Adib_Alkhalidey;6.7;Comedy Drama;;Adib_Alkhalidey Christian_Bégin Guy_Jodoin Julien_Lacroix Laurent_Paquin
32;Hello, Jack Black Here.;2018.0;Sammy_Black;;Comedy;;Jack_Black
33;Julie Masse: Les idées noires;1992.0;Mark_Soulard;;Short Music;;Julie_Masse Robert_Brouillette Marc-André_Coallier André_Lacoste
34;El baile del viento y la lluvia, Viko Lavi;2009.0;;;Documentary;;
35;Episode dated 8 February 2019;2019;Gerardo_Sánchez;NULL;News;NULL;Elena_S._Sánchez Olivier_Arson Meryem_Benm'Barek-Aloïsi Clara_Bilbao Juliette_Binoche Yousaf_Bokhari Álvaro_Brechner Catherine_Breillat Juan_Pedro_De_Gaspar Antonio_de_la_Torre Alberto_del_Campo Claire_Denis Arantxa_Echevarría Javier_Fesser Sylvie_Imbert Josu_Inchaustegui Eva_Llorach Coque_Malla Mike_Newell Isabel_Peña Lluís_Rivera Gabriela_Rodriguez Gerardo_Sánchez Susi_Sánchez Diana_Toucedo Jesús_Vidal Carolina_Yuste Luis_Zahera
36;Future Fulton, Faye Henderson, Jayne Meadows, Kim Novak, Gene Rayburn, Andy Williams, Eydie Gorme, Steve Lawrence, Pat Marshall;1954;NULL;NULL;Comedy Music Talk-Show;NULL;Steve_Allen Future_Fulton Eydie_Gormé Faye_Henderson Skitch_Henderson Steve_Lawrence Pat_Marshall Lou_McGarity Jayne_Meadows Kim_Novak Gene_Rayburn Doc_Severinsen Andy_Williams
37;Sophia - IMDb;NULL;James_M._Perry;NULL;Drama Romance;NULL;Simonna
38;Eliana confiesa;2018;NULL;NULL;Drama;NULL;Antonia_Santa_María Francisco_Reyes Amparo_Noguera Claudia_Di_Girólamo Eyal_Meyer Paulina_Urrutia Alejandro_Trejo Emilia_Noguera Sebastián_Layseca Claudio_Castellón Josefina_Fiebelkorn Catalina_González Francisco_Gormaz María_Elena_Duvauchelle Jorge_Arecheta Hernán_Contreras Daniela_Estay
39;Rare Essence feat. Raheem DeVaughn & Dee Boy: Tryna Go;2016;Joseph_Pattisall 6ix_Shoota;NULL;Short Music;A music video for the 2016 song Tryna Go by the American GoGo band Rare Essence featuring RB recording artists Raheem DeVaughn and Dee Boy. The song was released from Rare Essences album Turn It Up.;Rare_Essence Raheem_DeVaughn Dee_Boy
40;Kids Undercover Challenge;2018;NULL;NULL;Game-Show Reality-TV;;Scott_Cam Shelley_Craft Hans_Baumgartner Courtney_Brown Kerrie_Charter Bianca_Chatfield Carla_Dziwoki Jess_Eva Norm_Hogan Dan_Reilly Keith_Schleiger Spence_Thomson Sara_Tumino Hayden_Vale
41;Laura reaparece;2018;NULL;NULL;Drama;NULL;Antonia_Santa_María Francisco_Reyes Amparo_Noguera Claudia_Di_Girólamo Eyal_Meyer Paulina_Urrutia Alejandro_Trejo Emilia_Noguera Mayte_Rodríguez Sebastián_Layseca Claudio_Castellón Josefina_Fiebelkorn Catalina_González Francisco_Gormaz María_Elena_Duvauchelle Jorge_Arecheta Daniela_Estay
42;How To Make Women Feel Better;2019;NULL;NULL;Comedy;Majima Ai is a graduate student at a university and is conducting research. She is conducting an empirical study of what makes females levitate and feel better. Part of the research revolves around the neurological differences between men and women. Consequently she begins to work parttime at a wedding banquet hall.;Akari_Hayami Yûta_Hiraoka Rena_Matsui
43;Master Ensuite Begins;2018;NULL;NULL;Game-Show Reality-TV;;Scott_Cam Hans_Baumgartner Courtney_Brown Kerrie_Charter Bianca_Chatfield Carla_Dziwoki Jess_Eva Norm_Hogan Dan_Reilly Keith_Schleiger Spence_Thomson Sara_Tumino Hayden_Vale
44;Movin' on Up;2019;NULL;NULL;News Talk-Show;NULL;Ranting_Monkey Scribe_Light Satsu2Cents
45;The Headless Ghost;1967;NULL;NULL;Horror;Deadly Earnest presents the 1959 movie The Headless Ghost on TVQ0 Brisbane.;Shane_Porteous
46;Blood and Roses;1967;NULL;NULL;Horror;Deadly Earnest presents the 1960 movie Blood and Roses on TVQ0 Brisbane.;Shane_Porteous
47;Guest Bedroom Reveals;2018;NULL;NULL;Game-Show Reality-TV;;Scott_Cam Shelley_Craft Hans_Baumgartner Shaynna_Blaze Courtney_Brown Kerrie_Charter Bianca_Chatfield Carla_Dziwoki Jess_Eva Norm_Hogan Darren_Palmer Dan_Reilly Keith_Schleiger Spence_Thomson Sara_Tumino Hayden_Vale Neil_Whitaker
48;Guest Bedroom Week Continues;2018;NULL;NULL;Game-Show Reality-TV;;Scott_Cam Shelley_Craft Hans_Baumgartner Courtney_Brown Kerrie_Charter Bianca_Chatfield Carla_Dziwoki Jess_Eva Norm_Hogan Dan_Reilly Keith_Schleiger Spence_Thomson Sara_Tumino Hayden_Vale
49;Jack the Ripper;1967;NULL;NULL;Horror;Deadly Earnest presents the 1959 movie Jack the Ripper on TVQ0 Brisbane.;Shane_Porteous
50;Premier;1954;Jerome_Schnur;NULL;Family Game-Show;NULL;Jimmy_Blaine Lee_Bowman Dick_Button Kitty_Carlisle Hy_Gardner Jayne_Meadows Cliff_Norton Susan_Oakland Gene_Raymond Midge_Ware
51;Curse of the Faceless Man;1967;NULL;NULL;Horror;Deadly Earnest presents the 1958 movie Curse of the Faceless Man on TVQ0 Brisbane.;Shane_Porteous
52;Middle Eastern Trance;2018;Nicholas_Nedelkopoulos;NULL;Short;NULL;NULL
53;Style to Sell Challenge;2018;NULL;NULL;Game-Show Reality-TV;;Scott_Cam Shelley_Craft Hans_Baumgartner Courtney_Brown Kerrie_Charter Bianca_Chatfield Carla_Dziwoki Jess_Eva Norm_Hogan Spence_Thomson Sara_Tumino Hayden_Vale
54;Title Unknown;1967;NULL;NULL;Horror;Deadly Earnest presents a movie on TVQ0 Brisbane. The 105 minute movie title is not know.;Shane_Porteous
55;La cena de Adriana;2018;NULL;NULL;Drama;NULL;Antonia_Santa_María Francisco_Reyes Amparo_Noguera Claudia_Di_Girólamo Eyal_Meyer Paulina_Urrutia Alejandro_Trejo Emilia_Noguera Mayte_Rodríguez Sebastián_Layseca Claudio_Castellón Josefina_Fiebelkorn Catalina_González María_Elena_Duvauchelle Jorge_Arecheta Daniela_Estay
56;The Seventh Victim;1967;NULL;NULL;Horror;Deadly Earnest presents the 1943 movie The Seventh Victim on TVQ0 Brisbane.;Shane_Porteous
57;The Man Who Used HIV As A Weapon;2019;Charlotte_Charlton;7.5;Documentary;NULL;NULL
58;Episode dated 1 February 2019;2019;Gerardo_Sánchez;NULL;News;NULL;Elena_S._Sánchez Sílvia_Abril Malena_Alterio Cristina_Castaño Michael_Douglas Daniel_Guzmán Juana_Macías Ramón_Salazar Gerardo_Sánchez Jordi_Sánchez Kathleen_Turner
59;The Far Green Country;2018;Eli_Pyke;5.2;Documentary;;Eli_Pyke Kelly_Pyke
60;Guest Bedroom Week Begins;2018;NULL;NULL;Game-Show Reality-TV;;Scott_Cam Hans_Baumgartner Courtney_Brown Kerrie_Charter Bianca_Chatfield Carla_Dziwoki Jess_Eva Norm_Hogan Dan_Reilly Keith_Schleiger Spence_Thomson Sara_Tumino Hayden_Vale
61;Main Bathroom Reveals;2018;NULL;NULL;Game-Show Reality-TV;;Scott_Cam Shelley_Craft Hans_Baumgartner Shaynna_Blaze Courtney_Brown Kerrie_Charter Bianca_Chatfield Carla_Dziwoki Jess_Eva Norm_Hogan Darren_Palmer Dan_Reilly Keith_Schleiger Spence_Thomson Sara_Tumino Hayden_Vale Neil_Whitaker
62;Rare Essence feat. Kacey Williams: How I Wish You Could Love Me;2016;Joseph_Pattisall;NULL;Short Music;A music video for the 2016 song How I Wish You Could Love Me by the American GoGo band Rare Essence featuring Kacey Williams released from the groups album Turn It Up.;Rare_Essence Kacey_Williams
63;Episode #7.18;2019;Sara_Núñez_de_Arenas;NULL;Talk-Show;NULL;Cayetana_Guillén_Cuervo Fernando_Bryce Secun_de_la_Rosa Sharon_Lerner Maribel_López Carmen_Machi Sara_Núñez_de_Arenas Nacho_Vegas Oriol_Vilanova
64;Alonso desesperado;2018;NULL;NULL;Drama;NULL;Antonia_Santa_María Francisco_Reyes Amparo_Noguera Claudia_Di_Girólamo Eyal_Meyer Paulina_Urrutia Emilia_Noguera Mayte_Rodríguez Sebastián_Layseca Iñigo_Urrutia Claudio_Castellón Josefina_Fiebelkorn Catalina_González Francisco_Gormaz María_Elena_Duvauchelle Jorge_Arecheta Hernán_Contreras
65;The Andersons: Risk or Reward;2019;NULL;NULL;Reality-TV;NULL;Shavonne_Owens
66;Episode #7.17;2019;Sara_Núñez_de_Arenas;NULL;Talk-Show;NULL;Cayetana_Guillén_Cuervo Nadia_Arroyo Odetta_Hartman Jack_Inslee Sara_Núñez_de_Arenas Àlex_Rigola
67;Inspekcia;1972;Otto_Katusa;NULL;Comedy;NULL;Jan_Bzduch Milan_Drotár Vlado_Durdík Peter_Gazo Hana_Grissová Andrej_Hryc Peter_Macko Peter_Opálený Albert_Pagac Ida_Rapaicová Olga_Rufusova Dusan_Skokan Alena_Skokanová Sylvie_Turbová Jan_Uliciansky Elena_Volková Lubomír_Záhon
68;Warning From Space;1967;NULL;NULL;Horror;Deadly Earnest presents the 1956 movie Warning From Space on TVQ0 Brisbane.;Shane_Porteous
69;Episode #7.16;2019;Sara_Núñez_de_Arenas;NULL;Talk-Show;NULL;Cayetana_Guillén_Cuervo Iván_Ferreiro Quim_Hereu Sara_Núñez_de_Arenas Lluís_Pasqual Nacho_Sánchez Arantxa_Vela Emma_Vilarasau
70;13 Ghosts;1967;NULL;NULL;Horror;Deadly Earnest presents the 1960 movie 13 Ghosts on TVQ0 Brisbane.;Shane_Porteous
71;Julie Masse: Prends bien garde;1991;Sylvain_Brault;NULL;Short Music;;Julie_Masse
72;Most Dangerous Man Alive;1967;NULL;NULL;Horror;Deadly Earnest presents the 1961 movie Most Dangerous Man Alive on TVQ0 Brisbane.;Shane_Porteous
73;Bruno en jaque;2018;NULL;NULL;Drama;NULL;Antonia_Santa_María Francisco_Reyes Amparo_Noguera Claudia_Di_Girólamo Eyal_Meyer Paulina_Urrutia Alejandro_Trejo Emilia_Noguera Mayte_Rodríguez Sebastián_Layseca Iñigo_Urrutia Claudio_Castellón Josefina_Fiebelkorn Catalina_González Francisco_Gormaz María_Elena_Duvauchelle Jorge_Arecheta Hernán_Contreras Daniela_Estay
74;Changing Territories;2018;Nicholas_Nedelkopoulos;NULL;Short;NULL;NULL
75;Fire Maidens From Outer Space;1967;NULL;NULL;Horror;Deadly Earnest presents the movie Fire Maidens From Outer Space on TVQ0 Brisbane.;Shane_Porteous
76;The Voice of Merrill;1967;NULL;NULL;Horror;Deadly Earnest presents the 1956 movie The Voice of Merrill on TVQ0 Brisbane.;Shane_Porteous
77;Kronos;1967;NULL;NULL;Horror;Deadly Earnest presents the 1957 movie Kronos on TVQ0 Brisbane.;Shane_Porteous
78;The Giant Claw;1967;NULL;NULL;Horror;Deadly Earnest presents the 1957 movie The Giant Claw on TVQ0 Brisbane.;Shane_Porteous
79;The Brain Machine;1967;NULL;NULL;Horror;Deadly Earnest presents the 1955 movie The Brain Machine on TVQ0 Brisbane.;Shane_Porteous
80;Episode #7.15;2019;Sara_Núñez_de_Arenas;NULL;Talk-Show;NULL;Cayetana_Guillén_Cuervo Lola_Hinojosa Noah_Lennox Sara_Núñez_de_Arenas Rosario_Peiró Rayden
81;Attack of the Puppet People;1967;NULL;NULL;Horror;Deadly Earnest presents the 1958 movie Attack of the Puppet People on TVQ0 Brisbane.;Shane_Porteous
82;Main Bathroom Week Continues;2018;NULL;NULL;Game-Show Reality-TV;;Scott_Cam Shelley_Craft Hans_Baumgartner Courtney_Brown Kerrie_Charter Bianca_Chatfield Carla_Dziwoki Jess_Eva Norm_Hogan Dan_Reilly Keith_Schleiger Spence_Thomson Sara_Tumino Hayden_Vale
83;The Man Who Could Cheat Death;1967;NULL;NULL;Horror;Deadly Earnest presents the 1959 movie The Man Who Could Cheat Death on TVQ0 Brisbane.;Shane_Porteous
84;Main Bathroom Week;2018;NULL;NULL;Game-Show Reality-TV;;Scott_Cam Hans_Baumgartner Courtney_Brown Kerrie_Charter Bianca_Chatfield Carla_Dziwoki Jess_Eva Norm_Hogan Dan_Reilly Keith_Schleiger Spence_Thomson Sara_Tumino Hayden_Vale
85;Varan the Unbelievable;1967;NULL;NULL;Horror;Deadly Earnest presents the 1962 movie Varan the Unbelievable on TVQ0 Brisbane.;Shane_Porteous
86;The Stranglers of Bombay;1967;NULL;NULL;Horror;Deadly Earnest presents the 1959 movie The Stranglers of Bombay on TVQ0 Brisbane.;Shane_Porteous
87;Episode #7.14;2019;Sara_Núñez_de_Arenas;NULL;Talk-Show;NULL;Cayetana_Guillén_Cuervo Miquel_Barceló Chloé_Bird Juan_Mayorga Sara_Núñez_de_Arenas César_Sarachu Rodrigo_Sorogoyen Arantxa_Vela
88;Chocolat Road;2019;Tanya_Chuturkova;NULL;Documentary;Three renowned chocolatiers  Maribel Lieberman Susumu Koyama and Mikkel FriisHolm  take us through the process of craft chocolatemaking all the way from the tree to the final chocolate piece. With the looming cacao shortage crisis around the corner each of them finds how taking even small steps towards change can highly impact the lives of everyone involved in the chocolate production chain.;Susumu_Koyama Maribel_Lieberman Mikkel_Friis-Holm
89;Roast Toy;2019;NULL;7.4;Comedy;NULL;Toy Rui_Sinel_De_Cordes Joana_Amaral_Dias Pedro_Chagas_Freitas Jel Melão Fernando_Rocha Hugo_Sousa
90;Episode #1.1;2019;Lili_Jiao Nan_Li Ziqi_Liu;NULL;Action Adventure Crime Drama Fantasy Mystery Sci-Fi;Zhuang Rui was a staff of Linghe Pawn Shop. One day he returned to the shop from a party to get his phone. Some masked robbers slipped in the shop and tried to get something. They shot casually and Zhuangs eyes were scratched by the debris of an art ware. The next day he woke up in a hospital and found that he could see through all the things. He didnt even need his glasses anymore. Meanwhile Miao Feifei who was a detective thought that the robbery of the pawn shop had something to do with the case she was investigating. She thought Zhuang might be involved.;Yixing_Zhang Cici_Wang Yuexin_Wang Li-Chun_Lee Yujun_He Bolin_Dou Bateer Yi_Gang Naiwen_Li Ronghao_Li Yi_Cong_Bai Weilun_Zhong
91;Katakomby;1972;Jozef_Medved;NULL;Drama War;NULL;Vlado_Durdík Juraj_Kukura Katarína_Vrzalová Zuzana_Kocúriková Sylvie_Turbová Magda_Nemcovska Andrej_Rimko Gustáv_Legén Jan_Gubala Ernest_Smigura Vilma_Jamnická József_Ropog Cyril_Ducko
92;Pokémon Shield;2019;Junichi_Masuda Shigeru_Ohmori;NULL;Adventure;NULL;Ikue_Ôtani
93;Beyond the Line;2019;Jason_Mills;NULL;War;NULL;Chris_Walters Jackson_Berlin Jason_Mills Robert_Allan_Hughes Darren_Andrichuk Garnet_Campbell Danny_Gurniak Stephen_Kloppenburg Thomas_Beckman Paul_Fisher Paul_Mills Christopher_Girard Josef_Bergen Steve_Gray Ayden_Liebich Paul_Ross_Mills
94;Andy Warski Is Crying & Lying Because He Got Caught Out Lying;2019;NULL;NULL;News Talk-Show;NULL;Cognitive_Thought Ethan_Ralph
95;All Those Small Things - IMDb;NULL;Andrew_Hyatt;NULL;Drama;Long time British game show host Jonathan Robbins finds himself questioning his mortality and legacy after the recent death of a close friend. When he comes across an unexpected letter from a young fan he heads into the backwoods of America in search of deeper meaning for his life.;James_Faulkner
96;Episode #1.440;2010;NULL;NULL;Romance;NULL;Rubina_Dilaik Avinash_Sachdev
97;Episode #1.439;2010;NULL;NULL;Romance;NULL;Rubina_Dilaik Avinash_Sachdev
98;Episode #1.438;2010;NULL;NULL;Romance;NULL;Rubina_Dilaik Avinash_Sachdev
99;Episode #1.437;2010;NULL;NULL;Romance;NULL;Rubina_Dilaik Avinash_Sachdev
100;Once Upon a Time: 7x15 Review;2018;Kyleen_McHenry;NULL;Talk-Show;NULL;Kyleen_McHenry
101;Episode #1.436;2010;NULL;NULL;Romance;NULL;Rubina_Dilaik Avinash_Sachdev
102;Episode #1.435;2010;NULL;NULL;Romance;NULL;Rubina_Dilaik Avinash_Sachdev
103;Julie Masse: Sans t'oublier;1991;Sylvain_Brault Richard_Cormier;NULL;Short Music;;Julie_Masse
104;Episode #1.434;2010;NULL;NULL;Romance;NULL;Rubina_Dilaik Avinash_Sachdev
105;Episode #1.433;2010;NULL;NULL;Romance;NULL;Rubina_Dilaik Avinash_Sachdev
106;Episode #1.432;2010;NULL;NULL;Romance;NULL;Rubina_Dilaik Avinash_Sachdev
107;Episode #1.431;2010;NULL;NULL;Romance;NULL;Rubina_Dilaik Avinash_Sachdev
108;Episode #1.430;2010;NULL;NULL;Romance;NULL;Rubina_Dilaik Avinash_Sachdev
109;Episode #1.429;2010;NULL;NULL;Romance;NULL;Rubina_Dilaik Avinash_Sachdev
110;Episode #1.428;2010;NULL;NULL;Romance;NULL;Rubina_Dilaik Avinash_Sachdev
111;Episode #1.426;2010;NULL;NULL;Romance;NULL;Rubina_Dilaik Avinash_Sachdev
112;Episode #1.427;2010;NULL;NULL;Romance;NULL;Rubina_Dilaik Avinash_Sachdev
113;Episode #1.425;2010;NULL;NULL;Romance;NULL;Rubina_Dilaik Avinash_Sachdev
114;Episode #1.424;2010;NULL;NULL;Romance;NULL;Rubina_Dilaik Avinash_Sachdev
115;Episode #1.423;2010;NULL;NULL;Romance;NULL;Rubina_Dilaik Avinash_Sachdev
116;Episode #1.422;2010;NULL;NULL;Romance;NULL;Rubina_Dilaik Avinash_Sachdev
117;Episode #1.421;2010;NULL;NULL;Romance;NULL;Rubina_Dilaik Avinash_Sachdev
118;Episode #2.160;2011;NULL;NULL;Romance;NULL;Rubina_Dilaik Avinash_Sachdev
119;Episode #2.159;2011;NULL;NULL;Romance;NULL;Rubina_Dilaik Avinash_Sachdev
120;Episode #2.157;2011;NULL;NULL;Romance;NULL;Rubina_Dilaik Avinash_Sachdev
121;Episode #2.158;2011;NULL;NULL;Romance;NULL;Rubina_Dilaik Avinash_Sachdev
122;Episode #2.156;2011;NULL;NULL;Romance;NULL;Rubina_Dilaik Avinash_Sachdev
123;Episode #2.155;2011;NULL;NULL;Romance;NULL;Rubina_Dilaik Avinash_Sachdev
124;Episode #2.154;2011;NULL;NULL;Romance;NULL;Rubina_Dilaik Avinash_Sachdev
125;Episode #2.153;2011;NULL;NULL;Romance;NULL;Rubina_Dilaik Avinash_Sachdev
126;Episode #2.152;2011;NULL;NULL;Romance;NULL;Rubina_Dilaik Avinash_Sachdev
127;Episode #2.151;2011;NULL;NULL;Romance;NULL;Rubina_Dilaik Avinash_Sachdev
128;Episode #2.150;2011;NULL;NULL;Romance;NULL;Rubina_Dilaik Avinash_Sachdev
129;Episode #2.148;2011;NULL;NULL;Romance;NULL;Rubina_Dilaik Avinash_Sachdev
130;Episode #2.149;2011;NULL;NULL;Romance;NULL;Rubina_Dilaik Avinash_Sachdev
131;Episode #2.147;2011;NULL;NULL;Romance;NULL;Rubina_Dilaik Avinash_Sachdev
132;Episode #2.146;2011;NULL;NULL;Romance;NULL;Rubina_Dilaik Avinash_Sachdev
133;Episode #2.145;2011;NULL;NULL;Romance;NULL;Rubina_Dilaik Avinash_Sachdev
134;Episode #2.143;2011;NULL;NULL;Romance;NULL;Rubina_Dilaik Avinash_Sachdev
135;Episode #2.144;2011;NULL;NULL;Romance;NULL;Rubina_Dilaik Avinash_Sachdev
136;Episode #2.142;2011;NULL;NULL;Romance;NULL;Rubina_Dilaik Avinash_Sachdev
137;Episode #2.141;2011;NULL;NULL;Romance;NULL;Rubina_Dilaik Avinash_Sachdev
138;Economic Bloodsports 5: Open Borders;2019;NULL;NULL;News Talk-Show;NULL;Agent_The_Academic Based_Liz Sarah Not_So_Obvious
139;Episode #1.2;NULL;NULL;NULL;NULL;NULL;NULL
140;Episode #1.110;2014;Rohit_Dwivedi;NULL;Drama;NULL;Ravi_Dubey
141;Episode #1.108;2014;Rohit_Dwivedi;NULL;Drama;NULL;Ravi_Dubey
142;Episode #1.109;2014;Rohit_Dwivedi;NULL;Drama;NULL;Ravi_Dubey
143;Episode #1.107;2014;Rohit_Dwivedi;NULL;Drama;NULL;Ravi_Dubey
144;Episode #1.106;2014;Rohit_Dwivedi;NULL;Drama;NULL;Ravi_Dubey
145;Episode #1.104;2014;Rohit_Dwivedi;NULL;Drama;NULL;Ravi_Dubey
146;Episode #1.103;2014;Rohit_Dwivedi;NULL;Drama;NULL;Ravi_Dubey
147;Episode #1.105;2014;Rohit_Dwivedi;NULL;Drama;NULL;Ravi_Dubey
148;Episode #1.102;2014;Rohit_Dwivedi;NULL;Drama;NULL;Ravi_Dubey
149;Episode #1.101;2014;Rohit_Dwivedi;NULL;Drama;NULL;Ravi_Dubey
150;Episode #1.220;2015;Rohit_Dwivedi;NULL;Drama;NULL;Ravi_Dubey Achint_Kaur Nia_Sharma
151;Episode #1.219;2015;Rohit_Dwivedi;NULL;Drama;NULL;Ravi_Dubey Achint_Kaur Nia_Sharma
152;Episode #1.218;2015;Rohit_Dwivedi;NULL;Drama;NULL;Ravi_Dubey Achint_Kaur Nia_Sharma
153;Episode #1.217;2015;Rohit_Dwivedi;NULL;Drama;NULL;Ravi_Dubey Achint_Kaur Nia_Sharma
154;Episode #1.216;2015;Rohit_Dwivedi;NULL;Drama;NULL;Ravi_Dubey Achint_Kaur Nia_Sharma
155;Episode #1.214;2015;Rohit_Dwivedi;NULL;Drama;NULL;Ravi_Dubey Achint_Kaur Nia_Sharma
156;Episode #1.215;2015;Rohit_Dwivedi;NULL;Drama;NULL;Ravi_Dubey Achint_Kaur Nia_Sharma
157;Episode #1.213;2015;Rohit_Dwivedi;NULL;Drama;NULL;Ravi_Dubey Achint_Kaur Nia_Sharma
158;Holidate - IMDb;NULL;John_Whitesell;NULL;Comedy;;Emma_Roberts
159;Episode #1.212;2015;Rohit_Dwivedi;NULL;Drama;NULL;Ravi_Dubey Achint_Kaur Nia_Sharma
160;Episode #1.211;2015;Rohit_Dwivedi;NULL;Drama;NULL;Ravi_Dubey Achint_Kaur Nia_Sharma
161;Episode #1.210;2015;Rohit_Dwivedi;NULL;Drama;NULL;Ravi_Dubey Achint_Kaur Nia_Sharma
162;Episode #1.209;2015;Rohit_Dwivedi;NULL;Drama;NULL;Ravi_Dubey Achint_Kaur Nia_Sharma
163;Episode #1.208;2015;Rohit_Dwivedi;NULL;Drama;NULL;Ravi_Dubey Achint_Kaur Nia_Sharma
164;Episode #1.207;2015;Rohit_Dwivedi;NULL;Drama;NULL;Ravi_Dubey Achint_Kaur Nia_Sharma
165;Episode #1.206;2015;Rohit_Dwivedi;NULL;Drama;NULL;Ravi_Dubey Achint_Kaur Nia_Sharma
166;Episode #1.205;2015;Rohit_Dwivedi;NULL;Drama;NULL;Ravi_Dubey Achint_Kaur Nia_Sharma
167;Episode #1.204;2015;Rohit_Dwivedi;NULL;Drama;NULL;Ravi_Dubey Achint_Kaur Nia_Sharma
168;Episode #1.203;2015;Rohit_Dwivedi;NULL;Drama;NULL;Ravi_Dubey Achint_Kaur Nia_Sharma
169;Episode #1.202;2015;Rohit_Dwivedi;NULL;Drama;NULL;Ravi_Dubey Achint_Kaur Nia_Sharma
170;Episode #1.201;2015;Rohit_Dwivedi;NULL;Drama;NULL;Ravi_Dubey Achint_Kaur Nia_Sharma
171;508. Bölüm;2019;Orhan_Oguz;NULL;Action Adventure Comedy Crime Drama;NULL;Zafer_Ergin Özgür_Ozan Sevket_Çoruh Alp_Korkmaz Özlem_Çinar Ilker_Inanoglu Oya_Okar Hülya_Kalebayir_Çelik Ipek_Yaylacioglu Nazli_Tosunoglu Can_Basak Tunç_Oguz Bogaç_Aksoy Onur_Bay Furkan_Göksel Yüsra_Geyik Manolya_Asik Kerimhan_Duman Beste_Seyhan_Samci Osman_Albayrak Basak_Atici Ertan_Ava Tuba_Dastan Alperen_Demir Sedat_Develik Nejdet_Erdem Emircan_Gökçek Talia_Görel Demet_Gül Efe_Günay Okan_Has Baran_Inan Görkmen_Kaçar Ugur_Keles Cumhuriyet_Kiper Deniz_Irem_Morkoç Binali_Munuklu Merve_Oflaz Melisa_Salgam Erhan_Sefaci Arda_Sevin Senem_Talayli Kaan_Uslu Hilal_Uzun Baycan_Çapan Ozan_Çobanoglu Deniz_Özbalci Yasemin_Öztürk
172;Angelo John Gage;2019;NULL;NULL;News;NULL;Jean-François_Gariépy Angelo_John_Gage
173;Episode #1.477;2016;Rohit_Dwivedi;NULL;Drama;NULL;Ravi_Dubey Achint_Kaur Nia_Sharma
174;Episode #1.476;2016;Rohit_Dwivedi;NULL;Drama;NULL;Ravi_Dubey Achint_Kaur Nia_Sharma
175;Episode #1.475;2016;Rohit_Dwivedi;NULL;Drama;NULL;Ravi_Dubey Achint_Kaur Nia_Sharma
176;Episode #1.474;2016;Rohit_Dwivedi;NULL;Drama;NULL;Ravi_Dubey Achint_Kaur Nia_Sharma
177;Episode #1.473;2016;Rohit_Dwivedi;NULL;Drama;NULL;Ravi_Dubey Achint_Kaur Nia_Sharma
178;Episode #1.472;2016;Rohit_Dwivedi;NULL;Drama;NULL;Ravi_Dubey Achint_Kaur Nia_Sharma
179;Episode #1.471;2016;Rohit_Dwivedi;NULL;Drama;NULL;Ravi_Dubey Achint_Kaur Nia_Sharma
180;Episode #1.470;2016;Rohit_Dwivedi;NULL;Drama;NULL;Ravi_Dubey Achint_Kaur Nia_Sharma
181;Episode #1.469;2016;Rohit_Dwivedi;NULL;Drama;NULL;Ravi_Dubey Achint_Kaur Nia_Sharma
182;Episode #1.468;2016;Rohit_Dwivedi;NULL;Drama;NULL;Ravi_Dubey Achint_Kaur Nia_Sharma
183;Episode #1.467;2016;Rohit_Dwivedi;NULL;Drama;NULL;Ravi_Dubey Achint_Kaur Nia_Sharma
184;Episode #1.465;2016;Rohit_Dwivedi;NULL;Drama;NULL;Ravi_Dubey Achint_Kaur Nia_Sharma
185;Episode #1.466;2016;Rohit_Dwivedi;NULL;Drama;NULL;Ravi_Dubey Achint_Kaur Nia_Sharma
186;Episode #1.464;2016;Rohit_Dwivedi;NULL;Drama;NULL;Ravi_Dubey Achint_Kaur Nia_Sharma
187;Episode #1.463;2016;Rohit_Dwivedi;NULL;Drama;NULL;Ravi_Dubey Achint_Kaur Nia_Sharma
188;Episode #1.462;2016;Rohit_Dwivedi;NULL;Drama;NULL;Ravi_Dubey Achint_Kaur Nia_Sharma
189;The three of us and the moon - IMDb;NULL;André_Lorenz_Michiles;NULL;Documentary Drama;Three people who do not know each other are bounded by ties. The space they inhabit is engraved by their choices and sacrifices. Two tragic events will shake the atmosphere that surrounds them and transform their lives.;NULL
190;48 Hour Challenge;2018;NULL;NULL;Game-Show Reality-TV;;Scott_Cam Shelley_Craft Hans_Baumgartner Courtney_Brown Kerrie_Charter Bianca_Chatfield Carla_Dziwoki Jess_Eva Norm_Hogan Spence_Thomson Sara_Tumino Hayden_Vale
191;Welcome to the Gatwick;2018;NULL;NULL;Game-Show Reality-TV;;Scott_Cam Shelley_Craft Hans_Baumgartner Courtney_Brown Kerrie_Charter Bianca_Chatfield Carla_Dziwoki Jess_Eva Norm_Hogan Spence_Thomson Sara_Tumino Hayden_Vale
192;Episode #5.50;2011;Sigitas_Rackys;NULL;Comedy Drama Romance;NULL;Jurgita_Jurkute Inga_Norkute Jurate_Budriunaite
193;Episode #5.48;2011;Sigitas_Rackys;NULL;Comedy Drama Romance;NULL;Jurgita_Jurkute Inga_Norkute Jurate_Budriunaite
194;Episode #5.49;2011;Sigitas_Rackys;NULL;Comedy Drama Romance;NULL;Jurgita_Jurkute Inga_Norkute Jurate_Budriunaite
195;Episode #5.47;2011;Sigitas_Rackys;NULL;Comedy Drama Romance;NULL;Jurgita_Jurkute Inga_Norkute Jurate_Budriunaite
196;Episode #5.46;2011;Sigitas_Rackys;NULL;Comedy Drama Romance;NULL;Jurgita_Jurkute Inga_Norkute Jurate_Budriunaite
197;Episode #5.45;2011;Sigitas_Rackys;NULL;Comedy Drama Romance;NULL;Jurgita_Jurkute Inga_Norkute Jurate_Budriunaite
198;Episode #5.43;2011;Sigitas_Rackys;NULL;Comedy Drama Romance;NULL;Jurgita_Jurkute Inga_Norkute Jurate_Budriunaite
199;Episode #5.44;2011;Sigitas_Rackys;NULL;Comedy Drama Romance;NULL;Jurgita_Jurkute Inga_Norkute Jurate_Budriunaite
200;Episode #5.42;2011;Sigitas_Rackys;NULL;Comedy Drama Romance;NULL;Jurgita_Jurkute Inga_Norkute Jurate_Budriunaite
201;Episode #5.41;2011;Sigitas_Rackys;NULL;Comedy Drama Romance;NULL;Jurgita_Jurkute Inga_Norkute Jurate_Budriunaite
202;Alt-Hero: Q Backers Bringing the Noise;2019;NULL;NULL;News;NULL;Vox_Day
203;Episode #4.60;2010;Sigitas_Rackys;NULL;Comedy Drama Romance;NULL;Jurgita_Jurkute Inga_Norkute Jurate_Budriunaite
204;Episode #4.59;2010;Sigitas_Rackys;NULL;Comedy Drama Romance;NULL;Jurgita_Jurkute Inga_Norkute Jurate_Budriunaite
205;Marimé;2019;Milo_Hawksley_Blake;NULL;Short Drama;;NULL
206;Episode #4.58;2010;Sigitas_Rackys;NULL;Comedy Drama Romance;NULL;Jurgita_Jurkute Inga_Norkute Jurate_Budriunaite
207;Episode #4.57;2010;Sigitas_Rackys;NULL;Comedy Drama Romance;NULL;Jurgita_Jurkute Inga_Norkute Jurate_Budriunaite
208;Episode #4.56;2010;Sigitas_Rackys;NULL;Comedy Drama Romance;NULL;Jurgita_Jurkute Inga_Norkute Jurate_Budriunaite
209;Episode #4.54;2010;Sigitas_Rackys;NULL;Comedy Drama Romance;NULL;Jurgita_Jurkute Inga_Norkute Jurate_Budriunaite
210;Episode #1.3;NULL;NULL;NULL;Comedy;NULL;Erik_Aude Fred_Melamed Dominic_Pace Antonio_Scarpa
211;Episode #4.55;2010;Sigitas_Rackys;NULL;Comedy Drama Romance;NULL;Jurgita_Jurkute Inga_Norkute Jurate_Budriunaite
212;Episode #4.53;2010;Sigitas_Rackys;NULL;Comedy Drama Romance;NULL;Jurgita_Jurkute Inga_Norkute Jurate_Budriunaite
213;Episode #4.51;2010;Sigitas_Rackys;NULL;Comedy Drama Romance;NULL;Jurgita_Jurkute Inga_Norkute Jurate_Budriunaite
214;Episode #4.52;2010;Sigitas_Rackys;NULL;Comedy Drama Romance;NULL;Jurgita_Jurkute Inga_Norkute Jurate_Budriunaite
215;Episode #4.50;2010;Sigitas_Rackys;NULL;Comedy Drama Romance;NULL;Jurgita_Jurkute Inga_Norkute Jurate_Budriunaite
216;Episode #4.48;2010;Sigitas_Rackys;NULL;Comedy Drama Romance;NULL;Jurgita_Jurkute Inga_Norkute Jurate_Budriunaite
217;Episode #4.49;2010;Sigitas_Rackys;NULL;Comedy Drama Romance;NULL;Jurgita_Jurkute Inga_Norkute Jurate_Budriunaite
218;Episode #4.47;2010;Sigitas_Rackys;NULL;Comedy Drama Romance;NULL;Jurgita_Jurkute Inga_Norkute Jurate_Budriunaite
219;Episode #4.45;2010;Sigitas_Rackys;NULL;Comedy Drama Romance;NULL;Jurgita_Jurkute Inga_Norkute Jurate_Budriunaite
220;Episode #4.46;2010;Sigitas_Rackys;NULL;Comedy Drama Romance;NULL;Jurgita_Jurkute Inga_Norkute Jurate_Budriunaite
221;Episode #4.44;2010;Sigitas_Rackys;NULL;Comedy Drama Romance;NULL;Jurgita_Jurkute Inga_Norkute Jurate_Budriunaite
222;Episode #4.43;2010;Sigitas_Rackys;NULL;Comedy Drama Romance;NULL;Jurgita_Jurkute Inga_Norkute Jurate_Budriunaite
223;Episode #4.42;2010;Sigitas_Rackys;NULL;Comedy Drama Romance;NULL;Jurgita_Jurkute Inga_Norkute Jurate_Budriunaite
224;Episode #4.41;2010;Sigitas_Rackys;NULL;Comedy Drama Romance;NULL;Jurgita_Jurkute Inga_Norkute Jurate_Budriunaite
225;Episode #3.60;2009;Sigitas_Rackys;NULL;Comedy Drama Romance;NULL;Jurgita_Jurkute Inga_Norkute Jurate_Budriunaite
226;Episode #3.59;2009;Sigitas_Rackys;NULL;Comedy Drama Romance;NULL;Jurgita_Jurkute Inga_Norkute Jurate_Budriunaite
227;Episode #3.58;2009;Sigitas_Rackys;NULL;Comedy Drama Romance;NULL;Jurgita_Jurkute Inga_Norkute Jurate_Budriunaite
228;Episode #3.57;2009;Sigitas_Rackys;NULL;Comedy Drama Romance;NULL;Jurgita_Jurkute Inga_Norkute Jurate_Budriunaite
229;Episode #3.56;2009;Sigitas_Rackys;NULL;Comedy Drama Romance;NULL;Jurgita_Jurkute Inga_Norkute Jurate_Budriunaite
230;Episode #3.54;2009;Sigitas_Rackys;NULL;Comedy Drama Romance;NULL;Jurgita_Jurkute Inga_Norkute Jurate_Budriunaite
231;Episode #3.55;2009;Sigitas_Rackys;NULL;Comedy Drama Romance;NULL;Jurgita_Jurkute Inga_Norkute Jurate_Budriunaite
232;Episode #3.53;2009;Sigitas_Rackys;NULL;Comedy Drama Romance;NULL;Jurgita_Jurkute Inga_Norkute Jurate_Budriunaite
233;Hui Jia;2017;Wlar_Kurmanjiangwa;NULL;Short Drama;NULL;NULL
234;Episode #3.52;2009;Sigitas_Rackys;NULL;Comedy Drama Romance;NULL;Jurgita_Jurkute Inga_Norkute Jurate_Budriunaite
235;Episode #3.51;2009;Sigitas_Rackys;NULL;Comedy Drama Romance;NULL;Jurgita_Jurkute Inga_Norkute Jurate_Budriunaite
236;Asia Adams;NULL;NULL;NULL;Crime;NULL;Tom_Scorzone Anthony_Goss Dean_Komondorea Dominic_Pace Tanya_Thompson
237;Episode #3.50;2009;Sigitas_Rackys;NULL;Comedy Drama Romance;NULL;Jurgita_Jurkute Inga_Norkute Jurate_Budriunaite
238;Episode #3.49;2009;Sigitas_Rackys;NULL;Comedy Drama Romance;NULL;Jurgita_Jurkute Inga_Norkute Jurate_Budriunaite
239;Episode #3.48;2009;Sigitas_Rackys;NULL;Comedy Drama Romance;NULL;Jurgita_Jurkute Inga_Norkute Jurate_Budriunaite
240;Episode #3.47;2009;Sigitas_Rackys;NULL;Comedy Drama Romance;NULL;Jurgita_Jurkute Inga_Norkute Jurate_Budriunaite
241;My Kind of Town;2019;NULL;NULL;Documentary Family History Reality-TV Talk-Show;NULL;Alie_Ward
242;Episode #3.46;2009;Sigitas_Rackys;NULL;Comedy Drama Romance;NULL;Jurgita_Jurkute Inga_Norkute Jurate_Budriunaite
243;Episode #3.45;2009;Sigitas_Rackys;NULL;Comedy Drama Romance;NULL;Jurgita_Jurkute Inga_Norkute Jurate_Budriunaite
244;Episode #3.44;2009;Sigitas_Rackys;NULL;Comedy Drama Romance;NULL;Jurgita_Jurkute Inga_Norkute Jurate_Budriunaite
245;Episode #3.43;2009;Sigitas_Rackys;NULL;Comedy Drama Romance;NULL;Jurgita_Jurkute Inga_Norkute Jurate_Budriunaite
246;Episode #3.41;2009;Sigitas_Rackys;NULL;Comedy Drama Romance;NULL;Jurgita_Jurkute Inga_Norkute Jurate_Budriunaite
247;Episode #3.42;2009;Sigitas_Rackys;NULL;Comedy Drama Romance;NULL;Jurgita_Jurkute Inga_Norkute Jurate_Budriunaite
248;Paradise Nosh;2019;NULL;NULL;Documentary Family History Reality-TV Talk-Show;NULL;NULL
249;Into the Wild;2019;NULL;NULL;Documentary Family History Reality-TV Talk-Show;NULL;NULL
250;Episode #2.62;2008;Sigitas_Rackys;NULL;Comedy Drama Romance;NULL;Jurgita_Jurkute Inga_Norkute Jurate_Budriunaite
251;Episode #2.61;2008;Sigitas_Rackys;NULL;Comedy Drama Romance;NULL;Jurgita_Jurkute Inga_Norkute Jurate_Budriunaite
252;Episode #2.60;2008;Sigitas_Rackys;NULL;Comedy Drama Romance;NULL;Jurgita_Jurkute Inga_Norkute Jurate_Budriunaite
253;Episode #2.59;2008;Sigitas_Rackys;NULL;Comedy Drama Romance;NULL;Jurgita_Jurkute Inga_Norkute Jurate_Budriunaite
254;Episode #2.58;2008;Sigitas_Rackys;NULL;Comedy Drama Romance;NULL;Jurgita_Jurkute Inga_Norkute Jurate_Budriunaite
255;Episode #2.57;2008;Sigitas_Rackys;NULL;Comedy Drama Romance;NULL;Jurgita_Jurkute Inga_Norkute Jurate_Budriunaite
256;Tea Time;2019;NULL;NULL;Documentary Family History Reality-TV Talk-Show;NULL;NULL
257;Episode #2.56;2008;Sigitas_Rackys;NULL;Comedy Drama Romance;NULL;Jurgita_Jurkute Inga_Norkute Jurate_Budriunaite
258;Haste;2018;Nicholas_Nedelkopoulos;NULL;Short;NULL;NULL
259;Episode #2.55;2008;Sigitas_Rackys;NULL;Comedy Drama Romance;NULL;Jurgita_Jurkute Inga_Norkute Jurate_Budriunaite
260;Episode #2.54;2008;Sigitas_Rackys;NULL;Comedy Drama Romance;NULL;Jurgita_Jurkute Inga_Norkute Jurate_Budriunaite
261;Episode #2.52;2008;Sigitas_Rackys;NULL;Comedy Drama Romance;NULL;Jurgita_Jurkute Inga_Norkute Jurate_Budriunaite
262;Episode #2.53;2008;Sigitas_Rackys;NULL;Comedy Drama Romance;NULL;Jurgita_Jurkute Inga_Norkute Jurate_Budriunaite
263;Episode #2.51;2008;Sigitas_Rackys;NULL;Comedy Drama Romance;NULL;Jurgita_Jurkute Inga_Norkute Jurate_Budriunaite
264;Episode #2.50;2008;Sigitas_Rackys;NULL;Comedy Drama Romance;NULL;Jurgita_Jurkute Inga_Norkute Jurate_Budriunaite
265;Eliana empoderada;2018;NULL;NULL;Drama;NULL;Antonia_Santa_María Francisco_Reyes Amparo_Noguera Claudia_Di_Girólamo Eyal_Meyer Paulina_Urrutia Alejandro_Trejo Emilia_Noguera Mayte_Rodríguez Sebastián_Layseca Iñigo_Urrutia Claudio_Castellón Josefina_Fiebelkorn Catalina_González Francisco_Gormaz María_Elena_Duvauchelle Jorge_Arecheta Hernán_Contreras Daniela_Estay
266;Episode #2.49;2008;Sigitas_Rackys;NULL;Comedy Drama Romance;NULL;Jurgita_Jurkute Inga_Norkute Jurate_Budriunaite
267;Episode #2.48;2008;Sigitas_Rackys;NULL;Comedy Drama Romance;NULL;Jurgita_Jurkute Inga_Norkute Jurate_Budriunaite
268;Episode #2.47;2008;Sigitas_Rackys;NULL;Comedy Drama Romance;NULL;Jurgita_Jurkute Inga_Norkute Jurate_Budriunaite
269;Episode #2.46;2008;Sigitas_Rackys;NULL;Comedy Drama Romance;NULL;Jurgita_Jurkute Inga_Norkute Jurate_Budriunaite
270;Episode #2.45;2008;Sigitas_Rackys;NULL;Comedy Drama Romance;NULL;Jurgita_Jurkute Inga_Norkute Jurate_Budriunaite
271;Episode #2.44;2008;Sigitas_Rackys;NULL;Comedy Drama Romance;NULL;Jurgita_Jurkute Inga_Norkute Jurate_Budriunaite
272;Episode #2.43;2008;Sigitas_Rackys;NULL;Comedy Drama Romance;NULL;Jurgita_Jurkute Inga_Norkute Jurate_Budriunaite
273;Episode #2.42;2008;Sigitas_Rackys;NULL;Comedy Drama Romance;NULL;Jurgita_Jurkute Inga_Norkute Jurate_Budriunaite
274;Episode #2.41;2008;Sigitas_Rackys;NULL;Comedy Drama Romance;NULL;Jurgita_Jurkute Inga_Norkute Jurate_Budriunaite
275;Weekend Away;2018;Christian_Fuentes;NULL;Short Thriller;;Max_Troia
276;Episode #1.59;2008;Sigitas_Rackys;NULL;Comedy Drama Romance;NULL;Jurgita_Jurkute Inga_Norkute Jurate_Budriunaite
277;Episode #1.60;2008;Sigitas_Rackys;NULL;Comedy Drama Romance;NULL;Jurgita_Jurkute Inga_Norkute Jurate_Budriunaite
278;Episode #1.58;2008;Sigitas_Rackys;NULL;Comedy Drama Romance;NULL;Jurgita_Jurkute Inga_Norkute Jurate_Budriunaite
279;Episode #1.57;2008;Sigitas_Rackys;NULL;Comedy Drama Romance;NULL;Jurgita_Jurkute Inga_Norkute Jurate_Budriunaite
280;Episode #1.56;2008;Sigitas_Rackys;NULL;Comedy Drama Romance;NULL;Jurgita_Jurkute Inga_Norkute Jurate_Budriunaite
281;Episode #1.55;2008;Sigitas_Rackys;NULL;Comedy Drama Romance;NULL;Jurgita_Jurkute Inga_Norkute Jurate_Budriunaite
282;Episode #1.54;2008;Sigitas_Rackys;NULL;Comedy Drama Romance;NULL;Jurgita_Jurkute Inga_Norkute Jurate_Budriunaite
283;Episode #1.53;2008;Sigitas_Rackys;NULL;Comedy Drama Romance;NULL;Jurgita_Jurkute Inga_Norkute Jurate_Budriunaite
284;Episode #1.52;2008;Sigitas_Rackys;NULL;Comedy Drama Romance;NULL;Jurgita_Jurkute Inga_Norkute Jurate_Budriunaite
285;Episode #1.51;2008;Sigitas_Rackys;NULL;Comedy Drama Romance;NULL;Jurgita_Jurkute Inga_Norkute Jurate_Budriunaite
286;Episode #1.50;2008;Sigitas_Rackys;NULL;Comedy Drama Romance;NULL;Jurgita_Jurkute Inga_Norkute Jurate_Budriunaite
287;Episode #1.49;2008;Sigitas_Rackys;NULL;Comedy Drama Romance;NULL;Jurgita_Jurkute Inga_Norkute Jurate_Budriunaite
288;Episode #1.48;2008;Sigitas_Rackys;NULL;Comedy Drama Romance;NULL;Jurgita_Jurkute Inga_Norkute Jurate_Budriunaite
289;Episode #1.46;2008;Sigitas_Rackys;NULL;Comedy Drama Romance;NULL;Jurgita_Jurkute Inga_Norkute Jurate_Budriunaite
290;Episode #1.47;2008;Sigitas_Rackys;NULL;Comedy Drama Romance;NULL;Jurgita_Jurkute Inga_Norkute Jurate_Budriunaite
291;Episode #1.45;2008;Sigitas_Rackys;NULL;Comedy Drama Romance;NULL;Jurgita_Jurkute Inga_Norkute Jurate_Budriunaite
292;Episode #1.43;2008;Sigitas_Rackys;NULL;Comedy Drama Romance;NULL;Jurgita_Jurkute Inga_Norkute Jurate_Budriunaite
293;Episode #1.44;2008;Sigitas_Rackys;NULL;Comedy Drama Romance;NULL;Jurgita_Jurkute Inga_Norkute Jurate_Budriunaite
294;Episode #1.42;2008;Sigitas_Rackys;NULL;Comedy Drama Romance;NULL;Jurgita_Jurkute Inga_Norkute Jurate_Budriunaite
295;Cecilia - IMDb;NULL;NULL;NULL;Drama;NULL;NULL
296;Episode #1.41;2008;Sigitas_Rackys;NULL;Comedy Drama Romance;NULL;Jurgita_Jurkute Inga_Norkute Jurate_Budriunaite
297;Episode #1.40;2008;Sigitas_Rackys;NULL;Comedy Drama Romance;NULL;Jurgita_Jurkute Inga_Norkute Jurate_Budriunaite
298;Episode #1.39;2008;Sigitas_Rackys;NULL;Comedy Drama Romance;NULL;Jurgita_Jurkute Inga_Norkute Jurate_Budriunaite
299;Episode #1.38;2008;Sigitas_Rackys;NULL;Comedy Drama Romance;NULL;Jurgita_Jurkute Inga_Norkute Jurate_Budriunaite
300;Episode #1.37;2008;Sigitas_Rackys;NULL;Comedy Drama Romance;NULL;Jurgita_Jurkute Inga_Norkute Jurate_Budriunaite
301;Tube Tube;2012;NULL;NULL;NULL;NULL;NULL
302;Episode #1.36;2008;Sigitas_Rackys;NULL;Comedy Drama Romance;NULL;Jurgita_Jurkute Inga_Norkute Jurate_Budriunaite
303;Episode #1.35;2008;Sigitas_Rackys;NULL;Comedy Drama Romance;NULL;Jurgita_Jurkute Inga_Norkute Jurate_Budriunaite
304;Episode #1.33;2008;Sigitas_Rackys;NULL;Comedy Drama Romance;NULL;Jurgita_Jurkute Inga_Norkute Jurate_Budriunaite
305;Episode #1.34;2008;Sigitas_Rackys;NULL;Comedy Drama Romance;NULL;Jurgita_Jurkute Inga_Norkute Jurate_Budriunaite
306;Episode #1.32;2008;Sigitas_Rackys;NULL;Comedy Drama Romance;NULL;Jurgita_Jurkute Inga_Norkute Jurate_Budriunaite
307;Episode #1.31;2008;Sigitas_Rackys;NULL;Comedy Drama Romance;NULL;Jurgita_Jurkute Inga_Norkute Jurate_Budriunaite
308;Episode dated 8 March 2019;2019;NULL;NULL;Talk-Show;NULL;Steve_Harvey
309;Episode #1.30;2008;Sigitas_Rackys;NULL;Comedy Drama Romance;NULL;Jurgita_Jurkute Inga_Norkute Jurate_Budriunaite
310;Episode #1.29;2008;Sigitas_Rackys;NULL;Comedy Drama Romance;NULL;Jurgita_Jurkute Inga_Norkute Jurate_Budriunaite
311;Episode dated 6 March 2019;2019;NULL;NULL;Talk-Show;NULL;Steve_Harvey
312;Episode dated 7 March 2019;2019;NULL;NULL;Talk-Show;NULL;Steve_Harvey
313;Episode #1.28;2008;Sigitas_Rackys;NULL;Comedy Drama Romance;NULL;Jurgita_Jurkute Inga_Norkute Jurate_Budriunaite
314;Episode #1.26;2008;Sigitas_Rackys;NULL;Comedy Drama Romance;NULL;Jurgita_Jurkute Inga_Norkute Jurate_Budriunaite
315;Episode #1.27;2008;Sigitas_Rackys;NULL;Comedy Drama Romance;NULL;Jurgita_Jurkute Inga_Norkute Jurate_Budriunaite
316;Episode dated 5 March 2019;2019;NULL;NULL;Talk-Show;NULL;Steve_Harvey
317;Rip Offs/Hey Steve!/Relationship Red Flags/Harvey's Hundreds;2019;NULL;NULL;Talk-Show;;Steve_Harvey Bela_Gandhi Lawrence_Zarian
318;Pay It Forward/Hey Steve!/Harvey's Hundreds/Ex-Con Help;2019;NULL;NULL;Talk-Show;;Steve_Harvey Bridget_Kelly
319;What's Mine Is Not Yours/Hey Steve!/Straight Talk/Harvey's Hundreds;2019;NULL;NULL;Talk-Show;;Steve_Harvey Katy_Colloton Bridget_Kelly Catt_Sadler
320;Episode #1.25;2008;Sigitas_Rackys;NULL;Comedy Drama Romance;NULL;Jurgita_Jurkute Inga_Norkute Jurate_Budriunaite
321;Episode #1.24;2008;Sigitas_Rackys;NULL;Comedy Drama Romance;NULL;Jurgita_Jurkute Inga_Norkute Jurate_Budriunaite
322;Episode #1.23;2008;Sigitas_Rackys;NULL;Comedy Drama Romance;NULL;Jurgita_Jurkute Inga_Norkute Jurate_Budriunaite
323;Pencil Artist/Hey Steve!/Marriage Real Talks/Super Human;2019;NULL;NULL;Talk-Show;;Steve_Harvey
324;Episode #1.22;2008;Sigitas_Rackys;NULL;Comedy Drama Romance;NULL;Jurgita_Jurkute Inga_Norkute Jurate_Budriunaite
325;Episode #1.21;2008;Sigitas_Rackys;NULL;Comedy Drama Romance;NULL;Jurgita_Jurkute Inga_Norkute Jurate_Budriunaite
326;El comisario en riesgo;2018;NULL;NULL;Drama;NULL;Antonia_Santa_María Amparo_Noguera Claudia_Di_Girólamo Eyal_Meyer Paulina_Urrutia Alejandro_Trejo Emilia_Noguera Mayte_Rodríguez Sebastián_Layseca Iñigo_Urrutia Claudio_Castellón Josefina_Fiebelkorn Catalina_González Francisco_Gormaz María_Elena_Duvauchelle Jorge_Arecheta Hernán_Contreras
327;The Unfortunate Fate of Felix Hill;2017;Katrina_Ytteborg;NULL;Short Comedy;NULL;Ashleigh_Cole Jason_Farries Nick_Toth
328;Episode #1.40;2011;Prasad_Gavandi;NULL;Drama;NULL;Shalini_Arora Nikhil_Chaddha Ravi_Jhankal Sargun_Mehta
329;Episode #1.39;2011;Prasad_Gavandi;NULL;Drama;NULL;Shalini_Arora Nikhil_Chaddha Ravi_Jhankal Sargun_Mehta
330;Episode #1.38;2011;Prasad_Gavandi;NULL;Drama;NULL;Shalini_Arora Nikhil_Chaddha Ravi_Jhankal Sargun_Mehta
331;Modernity;NULL;NULL;NULL;NULL;NULL;Moez_Masoud
332;Episode #1.36;2011;Prasad_Gavandi;NULL;Drama;NULL;Shalini_Arora Nikhil_Chaddha Ravi_Jhankal Sargun_Mehta
333;Episode #1.37;2011;Prasad_Gavandi;NULL;Drama;NULL;Shalini_Arora Nikhil_Chaddha Ravi_Jhankal Sargun_Mehta
334;Episode #1.35;2011;Prasad_Gavandi;NULL;Drama;NULL;Shalini_Arora Nikhil_Chaddha Ravi_Jhankal Sargun_Mehta
335;Episode #1.33;2011;Prasad_Gavandi;NULL;Drama;NULL;Shalini_Arora Nikhil_Chaddha Ravi_Jhankal Sargun_Mehta
336;Episode #1.32;2011;Prasad_Gavandi;NULL;Drama;NULL;Shalini_Arora Nikhil_Chaddha Ravi_Jhankal Sargun_Mehta
337;Episode #1.34;2011;Prasad_Gavandi;NULL;Drama;NULL;Shalini_Arora Nikhil_Chaddha Ravi_Jhankal Sargun_Mehta
338;Episode #1.31;2011;Prasad_Gavandi;NULL;Drama;NULL;Shalini_Arora Nikhil_Chaddha Ravi_Jhankal Sargun_Mehta
339;Episode #1.29;2011;Prasad_Gavandi;NULL;Drama;NULL;Shalini_Arora Nikhil_Chaddha Ravi_Jhankal Sargun_Mehta
340;Episode #1.30;2011;Prasad_Gavandi;NULL;Drama;NULL;Shalini_Arora Nikhil_Chaddha Ravi_Jhankal Sargun_Mehta
341;Episode #1.28;2011;Prasad_Gavandi;NULL;Drama;NULL;Shalini_Arora Nikhil_Chaddha Ravi_Jhankal Sargun_Mehta
342;Episode #1.27;2011;Prasad_Gavandi;NULL;Drama;NULL;Shalini_Arora Nikhil_Chaddha Ravi_Jhankal Sargun_Mehta
343;Episode #1.26;2011;Prasad_Gavandi;NULL;Drama;NULL;Shalini_Arora Nikhil_Chaddha Ravi_Jhankal Sargun_Mehta
344;Episode #1.25;2011;Prasad_Gavandi;NULL;Drama;NULL;Shalini_Arora Nikhil_Chaddha Ravi_Jhankal Sargun_Mehta
345;Episode #1.24;2011;Prasad_Gavandi;NULL;Drama;NULL;Shalini_Arora Nikhil_Chaddha Ravi_Jhankal Sargun_Mehta
346;Episode #1.23;2011;Prasad_Gavandi;NULL;Drama;NULL;Shalini_Arora Nikhil_Chaddha Ravi_Jhankal Sargun_Mehta
347;Michael-Angelo;2018;Robbie_Henry;NULL;Documentary Short;;NULL
348;Episode #1.22;2011;Prasad_Gavandi;NULL;Drama;NULL;Shalini_Arora Nikhil_Chaddha Ravi_Jhankal Sargun_Mehta
349;Episode #1.21;2011;Prasad_Gavandi;NULL;Drama;NULL;Shalini_Arora Nikhil_Chaddha Ravi_Jhankal Sargun_Mehta
350;Julie Masse: Billy;1991;Bertrand_Morin;NULL;Short Music;;Julie_Masse
351;Searching for R. Crumb;2018;Nicholas_Nedelkopoulos;NULL;Short;NULL;NULL
352;Episode dated 8 March 2019;2019;NULL;NULL;Drama Talk-Show;NULL;Phil_McGraw
353;The One Who Survived;2019;NULL;NULL;Drama Talk-Show;;Phil_McGraw
354;Exclusive: Chris Watts' Full Confession/His Daughter's;2019;NULL;NULL;Drama Talk-Show;;Phil_McGraw Bella_Watts Celeste_Watts Chris_Watts Shannon_Watts
355;Save My Beautiful Daughters From Their Narcissistic Father;2019;NULL;NULL;Drama Talk-Show;;Phil_McGraw
356;Episode dated 3 March 2019;2019;NULL;NULL;Drama Talk-Show;NULL;Phil_McGraw
357;Reunion Gone Wrong?;2019;NULL;NULL;Drama Talk-Show;;Phil_McGraw
358;Episode #1.40;2017;Atif_Khan;NULL;Romance;NULL;Kunal_Jaisingh Shrenu_Parikh Leenesh_Mattoo
359;Episode dated 2 March 2019;2019;NULL;NULL;Drama Talk-Show;NULL;Phil_McGraw
360;La amante de Alonso;2018;NULL;NULL;Drama;NULL;Antonia_Santa_María Amparo_Noguera Paulina_Urrutia Alejandro_Trejo Emilia_Noguera Mayte_Rodríguez Sebastián_Layseca Iñigo_Urrutia Claudio_Castellón Josefina_Fiebelkorn Catalina_González Francisco_Gormaz Jorge_Arecheta Hernán_Contreras
361;Episode #1.38;2017;Atif_Khan;NULL;Romance;NULL;Kunal_Jaisingh Shrenu_Parikh Leenesh_Mattoo
362;Episode #1.37;2017;Atif_Khan;NULL;Romance;NULL;Kunal_Jaisingh Shrenu_Parikh Leenesh_Mattoo
363;Episode #1.36;2017;Atif_Khan;NULL;Romance;NULL;Kunal_Jaisingh Shrenu_Parikh Leenesh_Mattoo
364;Episode #1.34;2017;Atif_Khan;NULL;Romance;NULL;Kunal_Jaisingh Shrenu_Parikh Leenesh_Mattoo
365;Episode #1.33;2017;Atif_Khan;NULL;Romance;NULL;Kunal_Jaisingh Shrenu_Parikh Leenesh_Mattoo
366;Episode #1.32;2017;Atif_Khan;NULL;Romance;NULL;Kunal_Jaisingh Shrenu_Parikh Leenesh_Mattoo
367;Episode #1.31;2017;Atif_Khan;NULL;Romance;NULL;Kunal_Jaisingh Shrenu_Parikh Leenesh_Mattoo
368;Episode #1.30;2017;Atif_Khan;NULL;Romance;NULL;Kunal_Jaisingh Shrenu_Parikh Leenesh_Mattoo
369;Episode #1.29;2017;Atif_Khan;NULL;Romance;NULL;Kunal_Jaisingh Shrenu_Parikh Leenesh_Mattoo
370;Episode #1.28;2017;Atif_Khan;NULL;Romance;NULL;Kunal_Jaisingh Shrenu_Parikh Leenesh_Mattoo
371;Bryant Myers: No Eres Mia;2018;Oscar_Campos;NULL;Short Music;NULL;Bryant_Myers Alexandra_Suzette
372;Episode #1.27;2017;Atif_Khan;NULL;Romance;NULL;Kunal_Jaisingh Shrenu_Parikh Leenesh_Mattoo
373;Episode #1.25;2017;Atif_Khan;NULL;Romance;NULL;Kunal_Jaisingh Shrenu_Parikh Leenesh_Mattoo
374;Episode #1.26;2017;Atif_Khan;NULL;Romance;NULL;Kunal_Jaisingh Shrenu_Parikh Leenesh_Mattoo
375;Episode #1.24;2017;Atif_Khan;NULL;Romance;NULL;Kunal_Jaisingh Shrenu_Parikh Leenesh_Mattoo
